subject,pipeline,method_row,pair_id,feature,classifier,da,baseline,acc_DA,target_session_abs_idx,target_session_label,train_session_abs_idx,final_source_local_idx,final_source_abs_idx,final_source_count,best_idx,near_bridge_idx,far_idx,partition_mode,degraded,mmp_proxy_mode
2,MMP_merge_then_adapt,0,0,CSP,lda,none,0.6166666666666667,0.6166666666666667,0,0train,"[1, 2, 3, 4]","[0, 1, 2, 3]","[1, 2, 3, 4]",4,1,"[0, 1, 2, 3]",[],,True,near_minus_nearest
2,BDP,0,0,CSP,lda,none,0.6166666666666667,0.6166666666666667,0,0train,"[1, 2, 3, 4]","[0, 1, 2, 3]","[1, 2, 3, 4]",4,1,"[0, 1, 2, 3]",[],,True,near_minus_nearest
2,BDP_bridge_to_far,0,0,CSP,lda,none,0.6166666666666667,0.6166666666666667,0,0train,"[1, 2, 3, 4]","[0, 1, 2, 3]","[1, 2, 3, 4]",4,1,"[0, 1, 2, 3]",[],,True,near_minus_nearest
2,MMP_merge_then_adapt,1,0,CSP,lda,sa,0.6166666666666667,0.6666666666666666,0,0train,"[1, 2, 3, 4]","[0, 1, 2, 3]","[1, 2, 3, 4]",4,1,"[0, 1, 2, 3]",[],,True,near_minus_nearest
2,BDP,1,0,CSP,lda,sa,0.6166666666666667,0.6666666666666666,0,0train,"[1, 2, 3, 4]","[0, 1, 2, 3]","[1, 2, 3, 4]",4,1,"[0, 1, 2, 3]",[],,True,near_minus_nearest
2,BDP_bridge_to_far,1,0,CSP,lda,sa,0.6166666666666667,0.6666666666666666,0,0train,"[1, 2, 3, 4]","[0, 1, 2, 3]","[1, 2, 3, 4]",4,1,"[0, 1, 2, 3]",[],,True,near_minus_nearest
2,MMP_merge_then_adapt,2,0,CSP,lda,pt,0.6166666666666667,0.6583333333333333,0,0train,"[1, 2, 3, 4]","[0, 1, 2, 3]","[1, 2, 3, 4]",4,1,"[0, 1, 2, 3]",[],,True,near_minus_nearest
2,BDP,2,0,CSP,lda,pt,0.6166666666666667,0.6583333333333333,0,0train,"[1, 2, 3, 4]","[0, 1, 2, 3]","[1, 2, 3, 4]",4,1,"[0, 1, 2, 3]",[],,True,near_minus_nearest
2,BDP_bridge_to_far,2,0,CSP,lda,pt,0.6166666666666667,0.6583333333333333,0,0train,"[1, 2, 3, 4]","[0, 1, 2, 3]","[1, 2, 3, 4]",4,1,"[0, 1, 2, 3]",[],,True,near_minus_nearest
2,MMP_merge_then_adapt,3,0,CSP,lda,coral,0.6166666666666667,0.6333333333333333,0,0train,"[1, 2, 3, 4]","[0, 1, 2, 3]","[1, 2, 3, 4]",4,1,"[0, 1, 2, 3]",[],,True,near_minus_nearest
2,BDP,3,0,CSP,lda,coral,0.6166666666666667,0.6333333333333333,0,0train,"[1, 2, 3, 4]","[0, 1, 2, 3]","[1, 2, 3, 4]",4,1,"[0, 1, 2, 3]",[],,True,near_minus_nearest
2,BDP_bridge_to_far,3,0,CSP,lda,coral,0.6166666666666667,0.6333333333333333,0,0train,"[1, 2, 3, 4]","[0, 1, 2, 3]","[1, 2, 3, 4]",4,1,"[0, 1, 2, 3]",[],,True,near_minus_nearest
2,MMP_merge_then_adapt,4,0,CSP,svm_radial,none,0.5833333333333334,0.5833333333333334,0,0train,"[1, 2, 3, 4]","[0, 1, 2, 3]","[1, 2, 3, 4]",4,1,"[0, 1, 2, 3]",[],,True,near_minus_nearest
2,BDP,4,0,CSP,svm_radial,none,0.5833333333333334,0.5833333333333334,0,0train,"[1, 2, 3, 4]","[0, 1, 2, 3]","[1, 2, 3, 4]",4,1,"[0, 1, 2, 3]",[],,True,near_minus_nearest
2,BDP_bridge_to_far,4,0,CSP,svm_radial,none,0.5833333333333334,0.5833333333333334,0,0train,"[1, 2, 3, 4]","[0, 1, 2, 3]","[1, 2, 3, 4]",4,1,"[0, 1, 2, 3]",[],,True,near_minus_nearest
2,MMP_merge_then_adapt,5,0,CSP,svm_radial,sa,0.5833333333333334,0.625,0,0train,"[1, 2, 3, 4]","[0, 1, 2, 3]","[1, 2, 3, 4]",4,1,"[0, 1, 2, 3]",[],,True,near_minus_nearest
2,BDP,5,0,CSP,svm_radial,sa,0.5833333333333334,0.625,0,0train,"[1, 2, 3, 4]","[0, 1, 2, 3]","[1, 2, 3, 4]",4,1,"[0, 1, 2, 3]",[],,True,near_minus_nearest
2,BDP_bridge_to_far,5,0,CSP,svm_radial,sa,0.5833333333333334,0.625,0,0train,"[1, 2, 3, 4]","[0, 1, 2, 3]","[1, 2, 3, 4]",4,1,"[0, 1, 2, 3]",[],,True,near_minus_nearest
2,MMP_merge_then_adapt,6,0,CSP,svm_radial,pt,0.5833333333333334,0.6666666666666666,0,0train,"[1, 2, 3, 4]","[0, 1, 2, 3]","[1, 2, 3, 4]",4,1,"[0, 1, 2, 3]",[],,True,near_minus_nearest
2,BDP,6,0,CSP,svm_radial,pt,0.5833333333333334,0.6666666666666666,0,0train,"[1, 2, 3, 4]","[0, 1, 2, 3]","[1, 2, 3, 4]",4,1,"[0, 1, 2, 3]",[],,True,near_minus_nearest
2,BDP_bridge_to_far,6,0,CSP,svm_radial,pt,0.5833333333333334,0.6666666666666666,0,0train,"[1, 2, 3, 4]","[0, 1, 2, 3]","[1, 2, 3, 4]",4,1,"[0, 1, 2, 3]",[],,True,near_minus_nearest
2,MMP_merge_then_adapt,7,0,CSP,svm_radial,coral,0.5833333333333334,0.55,0,0train,"[1, 2, 3, 4]","[0, 1, 2, 3]","[1, 2, 3, 4]",4,1,"[0, 1, 2, 3]",[],,True,near_minus_nearest
2,BDP,7,0,CSP,svm_radial,coral,0.5833333333333334,0.55,0,0train,"[1, 2, 3, 4]","[0, 1, 2, 3]","[1, 2, 3, 4]",4,1,"[0, 1, 2, 3]",[],,True,near_minus_nearest
2,BDP_bridge_to_far,7,0,CSP,svm_radial,coral,0.5833333333333334,0.55,0,0train,"[1, 2, 3, 4]","[0, 1, 2, 3]","[1, 2, 3, 4]",4,1,"[0, 1, 2, 3]",[],,True,near_minus_nearest
2,MMP_merge_then_adapt,8,0,logvar,lda,none,0.625,0.625,0,0train,"[1, 2, 3, 4]",[2],[3],1,2,[2],"[0, 3]",normal,False,second_nearest_fallback
2,BDP,8,0,logvar,lda,none,0.625,0.625,0,0train,"[1, 2, 3, 4]",[2],[3],1,2,[2],"[0, 3]",normal,False,second_nearest_fallback
2,BDP_bridge_to_far,8,0,logvar,lda,none,0.625,0.625,0,0train,"[1, 2, 3, 4]",[2],[3],1,2,[2],"[0, 3]",normal,False,second_nearest_fallback
2,MMP_merge_then_adapt,9,0,logvar,lda,sa,0.625,0.6416666666666667,0,0train,"[1, 2, 3, 4]",[2],[3],1,2,[2],"[0, 3]",normal,False,second_nearest_fallback
2,BDP,9,0,logvar,lda,sa,0.625,0.6416666666666667,0,0train,"[1, 2, 3, 4]",[2],[3],1,2,[2],"[0, 3]",normal,False,second_nearest_fallback
2,BDP_bridge_to_far,9,0,logvar,lda,sa,0.625,0.6416666666666667,0,0train,"[1, 2, 3, 4]",[2],[3],1,2,[2],"[0, 3]",normal,False,second_nearest_fallback
2,MMP_merge_then_adapt,10,0,logvar,lda,pt,0.625,0.6333333333333333,0,0train,"[1, 2, 3, 4]",[2],[3],1,2,[2],"[0, 3]",normal,False,second_nearest_fallback
2,BDP,10,0,logvar,lda,pt,0.625,0.6333333333333333,0,0train,"[1, 2, 3, 4]",[2],[3],1,2,[2],"[0, 3]",normal,False,second_nearest_fallback
2,BDP_bridge_to_far,10,0,logvar,lda,pt,0.625,0.6333333333333333,0,0train,"[1, 2, 3, 4]",[2],[3],1,2,[2],"[0, 3]",normal,False,second_nearest_fallback
2,MMP_merge_then_adapt,11,0,logvar,lda,coral,0.625,0.5,0,0train,"[1, 2, 3, 4]",[2],[3],1,2,[2],"[0, 3]",normal,False,second_nearest_fallback
2,BDP,11,0,logvar,lda,coral,0.625,0.5,0,0train,"[1, 2, 3, 4]",[2],[3],1,2,[2],"[0, 3]",normal,False,second_nearest_fallback
2,BDP_bridge_to_far,11,0,logvar,lda,coral,0.625,0.5,0,0train,"[1, 2, 3, 4]",[2],[3],1,2,[2],"[0, 3]",normal,False,second_nearest_fallback
2,MMP_merge_then_adapt,12,0,logvar,svm_radial,none,0.625,0.625,0,0train,"[1, 2, 3, 4]",[2],[3],1,2,[2],"[0, 3]",normal,False,second_nearest_fallback
2,BDP,12,0,logvar,svm_radial,none,0.625,0.625,0,0train,"[1, 2, 3, 4]",[2],[3],1,2,[2],"[0, 3]",normal,False,second_nearest_fallback
2,BDP_bridge_to_far,12,0,logvar,svm_radial,none,0.625,0.625,0,0train,"[1, 2, 3, 4]",[2],[3],1,2,[2],"[0, 3]",normal,False,second_nearest_fallback
2,MMP_merge_then_adapt,13,0,logvar,svm_radial,sa,0.625,0.65,0,0train,"[1, 2, 3, 4]",[2],[3],1,2,[2],"[0, 3]",normal,False,second_nearest_fallback
2,BDP,13,0,logvar,svm_radial,sa,0.625,0.65,0,0train,"[1, 2, 3, 4]",[2],[3],1,2,[2],"[0, 3]",normal,False,second_nearest_fallback
2,BDP_bridge_to_far,13,0,logvar,svm_radial,sa,0.625,0.65,0,0train,"[1, 2, 3, 4]",[2],[3],1,2,[2],"[0, 3]",normal,False,second_nearest_fallback
2,MMP_merge_then_adapt,14,0,logvar,svm_radial,pt,0.625,0.6083333333333333,0,0train,"[1, 2, 3, 4]",[2],[3],1,2,[2],"[0, 3]",normal,False,second_nearest_fallback
2,BDP,14,0,logvar,svm_radial,pt,0.625,0.6083333333333333,0,0train,"[1, 2, 3, 4]",[2],[3],1,2,[2],"[0, 3]",normal,False,second_nearest_fallback
2,BDP_bridge_to_far,14,0,logvar,svm_radial,pt,0.625,0.6083333333333333,0,0train,"[1, 2, 3, 4]",[2],[3],1,2,[2],"[0, 3]",normal,False,second_nearest_fallback
2,MMP_merge_then_adapt,15,0,logvar,svm_radial,coral,0.625,0.5,0,0train,"[1, 2, 3, 4]",[2],[3],1,2,[2],"[0, 3]",normal,False,second_nearest_fallback
2,BDP,15,0,logvar,svm_radial,coral,0.625,0.5,0,0train,"[1, 2, 3, 4]",[2],[3],1,2,[2],"[0, 3]",normal,False,second_nearest_fallback
2,BDP_bridge_to_far,15,0,logvar,svm_radial,coral,0.625,0.5,0,0train,"[1, 2, 3, 4]",[2],[3],1,2,[2],"[0, 3]",normal,False,second_nearest_fallback
2,MMP_merge_then_adapt,16,0,TS,lda,none,0.6416666666666667,0.6416666666666667,0,0train,"[1, 2, 3, 4]",[2],[3],1,2,[2],"[0, 3]",normal,False,second_nearest_fallback
2,BDP,16,0,TS,lda,none,0.6416666666666667,0.6416666666666667,0,0train,"[1, 2, 3, 4]",[2],[3],1,2,[2],"[0, 3]",normal,False,second_nearest_fallback
2,BDP_bridge_to_far,16,0,TS,lda,none,0.6416666666666667,0.6416666666666667,0,0train,"[1, 2, 3, 4]",[2],[3],1,2,[2],"[0, 3]",normal,False,second_nearest_fallback
2,MMP_merge_then_adapt,17,0,TS,lda,sa,0.6416666666666667,0.5833333333333334,0,0train,"[1, 2, 3, 4]",[2],[3],1,2,[2],"[0, 3]",normal,False,second_nearest_fallback
2,BDP,17,0,TS,lda,sa,0.6416666666666667,0.5833333333333334,0,0train,"[1, 2, 3, 4]",[2],[3],1,2,[2],"[0, 3]",normal,False,second_nearest_fallback
2,BDP_bridge_to_far,17,0,TS,lda,sa,0.6416666666666667,0.5833333333333334,0,0train,"[1, 2, 3, 4]",[2],[3],1,2,[2],"[0, 3]",normal,False,second_nearest_fallback
2,MMP_merge_then_adapt,18,0,TS,lda,pt,0.6416666666666667,0.4166666666666667,0,0train,"[1, 2, 3, 4]",[2],[3],1,2,[2],"[0, 3]",normal,False,second_nearest_fallback
2,BDP,18,0,TS,lda,pt,0.6416666666666667,0.4166666666666667,0,0train,"[1, 2, 3, 4]",[2],[3],1,2,[2],"[0, 3]",normal,False,second_nearest_fallback
2,BDP_bridge_to_far,18,0,TS,lda,pt,0.6416666666666667,0.4166666666666667,0,0train,"[1, 2, 3, 4]",[2],[3],1,2,[2],"[0, 3]",normal,False,second_nearest_fallback
2,MMP_merge_then_adapt,19,0,TS,lda,coral,0.6416666666666667,0.6416666666666667,0,0train,"[1, 2, 3, 4]",[2],[3],1,2,[2],"[0, 3]",normal,False,second_nearest_fallback
2,BDP,19,0,TS,lda,coral,0.6416666666666667,0.6416666666666667,0,0train,"[1, 2, 3, 4]",[2],[3],1,2,[2],"[0, 3]",normal,False,second_nearest_fallback
2,BDP_bridge_to_far,19,0,TS,lda,coral,0.6416666666666667,0.6416666666666667,0,0train,"[1, 2, 3, 4]",[2],[3],1,2,[2],"[0, 3]",normal,False,second_nearest_fallback
2,MMP_merge_then_adapt,20,0,TS,svm_radial,none,0.625,0.625,0,0train,"[1, 2, 3, 4]",[2],[3],1,2,[2],"[0, 3]",normal,False,second_nearest_fallback
2,BDP,20,0,TS,svm_radial,none,0.625,0.625,0,0train,"[1, 2, 3, 4]",[2],[3],1,2,[2],"[0, 3]",normal,False,second_nearest_fallback
2,BDP_bridge_to_far,20,0,TS,svm_radial,none,0.625,0.625,0,0train,"[1, 2, 3, 4]",[2],[3],1,2,[2],"[0, 3]",normal,False,second_nearest_fallback
2,MMP_merge_then_adapt,21,0,TS,svm_radial,sa,0.625,0.625,0,0train,"[1, 2, 3, 4]",[2],[3],1,2,[2],"[0, 3]",normal,False,second_nearest_fallback
2,BDP,21,0,TS,svm_radial,sa,0.625,0.625,0,0train,"[1, 2, 3, 4]",[2],[3],1,2,[2],"[0, 3]",normal,False,second_nearest_fallback
2,BDP_bridge_to_far,21,0,TS,svm_radial,sa,0.625,0.625,0,0train,"[1, 2, 3, 4]",[2],[3],1,2,[2],"[0, 3]",normal,False,second_nearest_fallback
2,MMP_merge_then_adapt,22,0,TS,svm_radial,pt,0.625,0.6083333333333333,0,0train,"[1, 2, 3, 4]",[2],[3],1,2,[2],"[0, 3]",normal,False,second_nearest_fallback
2,BDP,22,0,TS,svm_radial,pt,0.625,0.6083333333333333,0,0train,"[1, 2, 3, 4]",[2],[3],1,2,[2],"[0, 3]",normal,False,second_nearest_fallback
2,BDP_bridge_to_far,22,0,TS,svm_radial,pt,0.625,0.6083333333333333,0,0train,"[1, 2, 3, 4]",[2],[3],1,2,[2],"[0, 3]",normal,False,second_nearest_fallback
2,MMP_merge_then_adapt,23,0,TS,svm_radial,coral,0.625,0.625,0,0train,"[1, 2, 3, 4]",[2],[3],1,2,[2],"[0, 3]",normal,False,second_nearest_fallback
2,BDP,23,0,TS,svm_radial,coral,0.625,0.625,0,0train,"[1, 2, 3, 4]",[2],[3],1,2,[2],"[0, 3]",normal,False,second_nearest_fallback
2,BDP_bridge_to_far,23,0,TS,svm_radial,coral,0.625,0.625,0,0train,"[1, 2, 3, 4]",[2],[3],1,2,[2],"[0, 3]",normal,False,second_nearest_fallback
2,MMP_merge_then_adapt,0,1,CSP,lda,none,0.6,0.6,1,1train,"[0, 2, 3, 4]","[0, 1, 2, 3]","[0, 2, 3, 4]",4,3,"[0, 1, 2, 3]",[],,True,near_minus_nearest
2,BDP,0,1,CSP,lda,none,0.6,0.6,1,1train,"[0, 2, 3, 4]","[0, 1, 2, 3]","[0, 2, 3, 4]",4,3,"[0, 1, 2, 3]",[],,True,near_minus_nearest
2,BDP_bridge_to_far,0,1,CSP,lda,none,0.6,0.6,1,1train,"[0, 2, 3, 4]","[0, 1, 2, 3]","[0, 2, 3, 4]",4,3,"[0, 1, 2, 3]",[],,True,near_minus_nearest
2,MMP_merge_then_adapt,1,1,CSP,lda,sa,0.6,0.6083333333333333,1,1train,"[0, 2, 3, 4]","[0, 1, 2, 3]","[0, 2, 3, 4]",4,3,"[0, 1, 2, 3]",[],,True,near_minus_nearest
2,BDP,1,1,CSP,lda,sa,0.6,0.6083333333333333,1,1train,"[0, 2, 3, 4]","[0, 1, 2, 3]","[0, 2, 3, 4]",4,3,"[0, 1, 2, 3]",[],,True,near_minus_nearest
2,BDP_bridge_to_far,1,1,CSP,lda,sa,0.6,0.6083333333333333,1,1train,"[0, 2, 3, 4]","[0, 1, 2, 3]","[0, 2, 3, 4]",4,3,"[0, 1, 2, 3]",[],,True,near_minus_nearest
2,MMP_merge_then_adapt,2,1,CSP,lda,pt,0.6,0.575,1,1train,"[0, 2, 3, 4]","[0, 1, 2, 3]","[0, 2, 3, 4]",4,3,"[0, 1, 2, 3]",[],,True,near_minus_nearest
2,BDP,2,1,CSP,lda,pt,0.6,0.575,1,1train,"[0, 2, 3, 4]","[0, 1, 2, 3]","[0, 2, 3, 4]",4,3,"[0, 1, 2, 3]",[],,True,near_minus_nearest
2,BDP_bridge_to_far,2,1,CSP,lda,pt,0.6,0.575,1,1train,"[0, 2, 3, 4]","[0, 1, 2, 3]","[0, 2, 3, 4]",4,3,"[0, 1, 2, 3]",[],,True,near_minus_nearest
2,MMP_merge_then_adapt,3,1,CSP,lda,coral,0.6,0.5666666666666667,1,1train,"[0, 2, 3, 4]","[0, 1, 2, 3]","[0, 2, 3, 4]",4,3,"[0, 1, 2, 3]",[],,True,near_minus_nearest
2,BDP,3,1,CSP,lda,coral,0.6,0.5666666666666667,1,1train,"[0, 2, 3, 4]","[0, 1, 2, 3]","[0, 2, 3, 4]",4,3,"[0, 1, 2, 3]",[],,True,near_minus_nearest
2,BDP_bridge_to_far,3,1,CSP,lda,coral,0.6,0.5666666666666667,1,1train,"[0, 2, 3, 4]","[0, 1, 2, 3]","[0, 2, 3, 4]",4,3,"[0, 1, 2, 3]",[],,True,near_minus_nearest
2,MMP_merge_then_adapt,4,1,CSP,svm_radial,none,0.5583333333333333,0.5583333333333333,1,1train,"[0, 2, 3, 4]","[0, 1, 2, 3]","[0, 2, 3, 4]",4,3,"[0, 1, 2, 3]",[],,True,near_minus_nearest
2,BDP,4,1,CSP,svm_radial,none,0.5583333333333333,0.5583333333333333,1,1train,"[0, 2, 3, 4]","[0, 1, 2, 3]","[0, 2, 3, 4]",4,3,"[0, 1, 2, 3]",[],,True,near_minus_nearest
2,BDP_bridge_to_far,4,1,CSP,svm_radial,none,0.5583333333333333,0.5583333333333333,1,1train,"[0, 2, 3, 4]","[0, 1, 2, 3]","[0, 2, 3, 4]",4,3,"[0, 1, 2, 3]",[],,True,near_minus_nearest
2,MMP_merge_then_adapt,5,1,CSP,svm_radial,sa,0.5583333333333333,0.6083333333333333,1,1train,"[0, 2, 3, 4]","[0, 1, 2, 3]","[0, 2, 3, 4]",4,3,"[0, 1, 2, 3]",[],,True,near_minus_nearest
2,BDP,5,1,CSP,svm_radial,sa,0.5583333333333333,0.6083333333333333,1,1train,"[0, 2, 3, 4]","[0, 1, 2, 3]","[0, 2, 3, 4]",4,3,"[0, 1, 2, 3]",[],,True,near_minus_nearest
2,BDP_bridge_to_far,5,1,CSP,svm_radial,sa,0.5583333333333333,0.6083333333333333,1,1train,"[0, 2, 3, 4]","[0, 1, 2, 3]","[0, 2, 3, 4]",4,3,"[0, 1, 2, 3]",[],,True,near_minus_nearest
2,MMP_merge_then_adapt,6,1,CSP,svm_radial,pt,0.5583333333333333,0.5833333333333334,1,1train,"[0, 2, 3, 4]","[0, 1, 2, 3]","[0, 2, 3, 4]",4,3,"[0, 1, 2, 3]",[],,True,near_minus_nearest
2,BDP,6,1,CSP,svm_radial,pt,0.5583333333333333,0.5833333333333334,1,1train,"[0, 2, 3, 4]","[0, 1, 2, 3]","[0, 2, 3, 4]",4,3,"[0, 1, 2, 3]",[],,True,near_minus_nearest
2,BDP_bridge_to_far,6,1,CSP,svm_radial,pt,0.5583333333333333,0.5833333333333334,1,1train,"[0, 2, 3, 4]","[0, 1, 2, 3]","[0, 2, 3, 4]",4,3,"[0, 1, 2, 3]",[],,True,near_minus_nearest
2,MMP_merge_then_adapt,7,1,CSP,svm_radial,coral,0.5583333333333333,0.5416666666666666,1,1train,"[0, 2, 3, 4]","[0, 1, 2, 3]","[0, 2, 3, 4]",4,3,"[0, 1, 2, 3]",[],,True,near_minus_nearest
2,BDP,7,1,CSP,svm_radial,coral,0.5583333333333333,0.5416666666666666,1,1train,"[0, 2, 3, 4]","[0, 1, 2, 3]","[0, 2, 3, 4]",4,3,"[0, 1, 2, 3]",[],,True,near_minus_nearest
2,BDP_bridge_to_far,7,1,CSP,svm_radial,coral,0.5583333333333333,0.5416666666666666,1,1train,"[0, 2, 3, 4]","[0, 1, 2, 3]","[0, 2, 3, 4]",4,3,"[0, 1, 2, 3]",[],,True,near_minus_nearest
2,MMP_merge_then_adapt,8,1,logvar,lda,none,0.575,0.575,1,1train,"[0, 2, 3, 4]","[1, 3]","[2, 4]",2,3,"[1, 3]","[0, 2]",normal,False,near_minus_nearest
2,BDP,8,1,logvar,lda,none,0.575,0.575,1,1train,"[0, 2, 3, 4]","[1, 3]","[2, 4]",2,3,"[1, 3]","[0, 2]",normal,False,near_minus_nearest
2,BDP_bridge_to_far,8,1,logvar,lda,none,0.575,0.575,1,1train,"[0, 2, 3, 4]","[1, 3]","[2, 4]",2,3,"[1, 3]","[0, 2]",normal,False,near_minus_nearest
2,MMP_merge_then_adapt,9,1,logvar,lda,sa,0.575,0.6083333333333333,1,1train,"[0, 2, 3, 4]","[1, 3]","[2, 4]",2,3,"[1, 3]","[0, 2]",normal,False,near_minus_nearest
2,BDP,9,1,logvar,lda,sa,0.575,0.6083333333333333,1,1train,"[0, 2, 3, 4]","[1, 3]","[2, 4]",2,3,"[1, 3]","[0, 2]",normal,False,near_minus_nearest
2,BDP_bridge_to_far,9,1,logvar,lda,sa,0.575,0.6083333333333333,1,1train,"[0, 2, 3, 4]","[1, 3]","[2, 4]",2,3,"[1, 3]","[0, 2]",normal,False,near_minus_nearest
2,MMP_merge_then_adapt,10,1,logvar,lda,pt,0.575,0.6083333333333333,1,1train,"[0, 2, 3, 4]","[1, 3]","[2, 4]",2,3,"[1, 3]","[0, 2]",normal,False,near_minus_nearest
2,BDP,10,1,logvar,lda,pt,0.575,0.6083333333333333,1,1train,"[0, 2, 3, 4]","[1, 3]","[2, 4]",2,3,"[1, 3]","[0, 2]",normal,False,near_minus_nearest
2,BDP_bridge_to_far,10,1,logvar,lda,pt,0.575,0.6083333333333333,1,1train,"[0, 2, 3, 4]","[1, 3]","[2, 4]",2,3,"[1, 3]","[0, 2]",normal,False,near_minus_nearest
2,MMP_merge_then_adapt,11,1,logvar,lda,coral,0.575,0.5,1,1train,"[0, 2, 3, 4]","[1, 3]","[2, 4]",2,3,"[1, 3]","[0, 2]",normal,False,near_minus_nearest
2,BDP,11,1,logvar,lda,coral,0.575,0.5,1,1train,"[0, 2, 3, 4]","[1, 3]","[2, 4]",2,3,"[1, 3]","[0, 2]",normal,False,near_minus_nearest
2,BDP_bridge_to_far,11,1,logvar,lda,coral,0.575,0.5,1,1train,"[0, 2, 3, 4]","[1, 3]","[2, 4]",2,3,"[1, 3]","[0, 2]",normal,False,near_minus_nearest
2,MMP_merge_then_adapt,12,1,logvar,svm_radial,none,0.5333333333333333,0.5333333333333333,1,1train,"[0, 2, 3, 4]","[1, 3]","[2, 4]",2,3,"[1, 3]","[0, 2]",normal,False,near_minus_nearest
2,BDP,12,1,logvar,svm_radial,none,0.5333333333333333,0.5333333333333333,1,1train,"[0, 2, 3, 4]","[1, 3]","[2, 4]",2,3,"[1, 3]","[0, 2]",normal,False,near_minus_nearest
2,BDP_bridge_to_far,12,1,logvar,svm_radial,none,0.5333333333333333,0.5333333333333333,1,1train,"[0, 2, 3, 4]","[1, 3]","[2, 4]",2,3,"[1, 3]","[0, 2]",normal,False,near_minus_nearest
2,MMP_merge_then_adapt,13,1,logvar,svm_radial,sa,0.5333333333333333,0.525,1,1train,"[0, 2, 3, 4]","[1, 3]","[2, 4]",2,3,"[1, 3]","[0, 2]",normal,False,near_minus_nearest
2,BDP,13,1,logvar,svm_radial,sa,0.5333333333333333,0.525,1,1train,"[0, 2, 3, 4]","[1, 3]","[2, 4]",2,3,"[1, 3]","[0, 2]",normal,False,near_minus_nearest
2,BDP_bridge_to_far,13,1,logvar,svm_radial,sa,0.5333333333333333,0.525,1,1train,"[0, 2, 3, 4]","[1, 3]","[2, 4]",2,3,"[1, 3]","[0, 2]",normal,False,near_minus_nearest
2,MMP_merge_then_adapt,14,1,logvar,svm_radial,pt,0.5333333333333333,0.525,1,1train,"[0, 2, 3, 4]","[1, 3]","[2, 4]",2,3,"[1, 3]","[0, 2]",normal,False,near_minus_nearest
2,BDP,14,1,logvar,svm_radial,pt,0.5333333333333333,0.525,1,1train,"[0, 2, 3, 4]","[1, 3]","[2, 4]",2,3,"[1, 3]","[0, 2]",normal,False,near_minus_nearest
2,BDP_bridge_to_far,14,1,logvar,svm_radial,pt,0.5333333333333333,0.525,1,1train,"[0, 2, 3, 4]","[1, 3]","[2, 4]",2,3,"[1, 3]","[0, 2]",normal,False,near_minus_nearest
2,MMP_merge_then_adapt,15,1,logvar,svm_radial,coral,0.5333333333333333,0.5,1,1train,"[0, 2, 3, 4]","[1, 3]","[2, 4]",2,3,"[1, 3]","[0, 2]",normal,False,near_minus_nearest
2,BDP,15,1,logvar,svm_radial,coral,0.5333333333333333,0.5,1,1train,"[0, 2, 3, 4]","[1, 3]","[2, 4]",2,3,"[1, 3]","[0, 2]",normal,False,near_minus_nearest
2,BDP_bridge_to_far,15,1,logvar,svm_radial,coral,0.5333333333333333,0.5,1,1train,"[0, 2, 3, 4]","[1, 3]","[2, 4]",2,3,"[1, 3]","[0, 2]",normal,False,near_minus_nearest
2,MMP_merge_then_adapt,16,1,TS,lda,none,0.6083333333333333,0.6083333333333333,1,1train,"[0, 2, 3, 4]","[1, 3]","[2, 4]",2,3,"[1, 3]","[0, 2]",normal,False,near_minus_nearest
2,BDP,16,1,TS,lda,none,0.6083333333333333,0.6083333333333333,1,1train,"[0, 2, 3, 4]","[1, 3]","[2, 4]",2,3,"[1, 3]","[0, 2]",normal,False,near_minus_nearest
2,BDP_bridge_to_far,16,1,TS,lda,none,0.6083333333333333,0.6083333333333333,1,1train,"[0, 2, 3, 4]","[1, 3]","[2, 4]",2,3,"[1, 3]","[0, 2]",normal,False,near_minus_nearest
2,MMP_merge_then_adapt,17,1,TS,lda,sa,0.6083333333333333,0.6,1,1train,"[0, 2, 3, 4]","[1, 3]","[2, 4]",2,3,"[1, 3]","[0, 2]",normal,False,near_minus_nearest
2,BDP,17,1,TS,lda,sa,0.6083333333333333,0.6,1,1train,"[0, 2, 3, 4]","[1, 3]","[2, 4]",2,3,"[1, 3]","[0, 2]",normal,False,near_minus_nearest
2,BDP_bridge_to_far,17,1,TS,lda,sa,0.6083333333333333,0.6,1,1train,"[0, 2, 3, 4]","[1, 3]","[2, 4]",2,3,"[1, 3]","[0, 2]",normal,False,near_minus_nearest
2,MMP_merge_then_adapt,18,1,TS,lda,pt,0.6083333333333333,0.5833333333333334,1,1train,"[0, 2, 3, 4]","[1, 3]","[2, 4]",2,3,"[1, 3]","[0, 2]",normal,False,near_minus_nearest
2,BDP,18,1,TS,lda,pt,0.6083333333333333,0.5833333333333334,1,1train,"[0, 2, 3, 4]","[1, 3]","[2, 4]",2,3,"[1, 3]","[0, 2]",normal,False,near_minus_nearest
2,BDP_bridge_to_far,18,1,TS,lda,pt,0.6083333333333333,0.5833333333333334,1,1train,"[0, 2, 3, 4]","[1, 3]","[2, 4]",2,3,"[1, 3]","[0, 2]",normal,False,near_minus_nearest
2,MMP_merge_then_adapt,19,1,TS,lda,coral,0.6083333333333333,0.6083333333333333,1,1train,"[0, 2, 3, 4]","[1, 3]","[2, 4]",2,3,"[1, 3]","[0, 2]",normal,False,near_minus_nearest
2,BDP,19,1,TS,lda,coral,0.6083333333333333,0.6083333333333333,1,1train,"[0, 2, 3, 4]","[1, 3]","[2, 4]",2,3,"[1, 3]","[0, 2]",normal,False,near_minus_nearest
2,BDP_bridge_to_far,19,1,TS,lda,coral,0.6083333333333333,0.6083333333333333,1,1train,"[0, 2, 3, 4]","[1, 3]","[2, 4]",2,3,"[1, 3]","[0, 2]",normal,False,near_minus_nearest
2,MMP_merge_then_adapt,20,1,TS,svm_radial,none,0.5583333333333333,0.5583333333333333,1,1train,"[0, 2, 3, 4]","[1, 3]","[2, 4]",2,3,"[1, 3]","[0, 2]",normal,False,near_minus_nearest
2,BDP,20,1,TS,svm_radial,none,0.5583333333333333,0.5583333333333333,1,1train,"[0, 2, 3, 4]","[1, 3]","[2, 4]",2,3,"[1, 3]","[0, 2]",normal,False,near_minus_nearest
2,BDP_bridge_to_far,20,1,TS,svm_radial,none,0.5583333333333333,0.5583333333333333,1,1train,"[0, 2, 3, 4]","[1, 3]","[2, 4]",2,3,"[1, 3]","[0, 2]",normal,False,near_minus_nearest
2,MMP_merge_then_adapt,21,1,TS,svm_radial,sa,0.5583333333333333,0.5,1,1train,"[0, 2, 3, 4]","[1, 3]","[2, 4]",2,3,"[1, 3]","[0, 2]",normal,False,near_minus_nearest
2,BDP,21,1,TS,svm_radial,sa,0.5583333333333333,0.5,1,1train,"[0, 2, 3, 4]","[1, 3]","[2, 4]",2,3,"[1, 3]","[0, 2]",normal,False,near_minus_nearest
2,BDP_bridge_to_far,21,1,TS,svm_radial,sa,0.5583333333333333,0.5,1,1train,"[0, 2, 3, 4]","[1, 3]","[2, 4]",2,3,"[1, 3]","[0, 2]",normal,False,near_minus_nearest
2,MMP_merge_then_adapt,22,1,TS,svm_radial,pt,0.5583333333333333,0.5083333333333333,1,1train,"[0, 2, 3, 4]","[1, 3]","[2, 4]",2,3,"[1, 3]","[0, 2]",normal,False,near_minus_nearest
2,BDP,22,1,TS,svm_radial,pt,0.5583333333333333,0.5083333333333333,1,1train,"[0, 2, 3, 4]","[1, 3]","[2, 4]",2,3,"[1, 3]","[0, 2]",normal,False,near_minus_nearest
2,BDP_bridge_to_far,22,1,TS,svm_radial,pt,0.5583333333333333,0.5083333333333333,1,1train,"[0, 2, 3, 4]","[1, 3]","[2, 4]",2,3,"[1, 3]","[0, 2]",normal,False,near_minus_nearest
2,MMP_merge_then_adapt,23,1,TS,svm_radial,coral,0.5583333333333333,0.5583333333333333,1,1train,"[0, 2, 3, 4]","[1, 3]","[2, 4]",2,3,"[1, 3]","[0, 2]",normal,False,near_minus_nearest
2,BDP,23,1,TS,svm_radial,coral,0.5583333333333333,0.5583333333333333,1,1train,"[0, 2, 3, 4]","[1, 3]","[2, 4]",2,3,"[1, 3]","[0, 2]",normal,False,near_minus_nearest
2,BDP_bridge_to_far,23,1,TS,svm_radial,coral,0.5583333333333333,0.5583333333333333,1,1train,"[0, 2, 3, 4]","[1, 3]","[2, 4]",2,3,"[1, 3]","[0, 2]",normal,False,near_minus_nearest
2,MMP_merge_then_adapt,0,2,CSP,lda,none,0.6,0.6,2,2train,"[0, 1, 3, 4]",[3],[4],1,3,[3],"[0, 1]",normal,False,second_nearest_fallback
2,BDP,0,2,CSP,lda,none,0.6,0.6,2,2train,"[0, 1, 3, 4]",[3],[4],1,3,[3],"[0, 1]",normal,False,second_nearest_fallback
2,BDP_bridge_to_far,0,2,CSP,lda,none,0.6,0.6,2,2train,"[0, 1, 3, 4]",[3],[4],1,3,[3],"[0, 1]",normal,False,second_nearest_fallback
2,MMP_merge_then_adapt,1,2,CSP,lda,sa,0.6,0.5875,2,2train,"[0, 1, 3, 4]",[3],[4],1,3,[3],"[0, 1]",normal,False,second_nearest_fallback
2,BDP,1,2,CSP,lda,sa,0.6,0.5875,2,2train,"[0, 1, 3, 4]",[3],[4],1,3,[3],"[0, 1]",normal,False,second_nearest_fallback
2,BDP_bridge_to_far,1,2,CSP,lda,sa,0.6,0.5875,2,2train,"[0, 1, 3, 4]",[3],[4],1,3,[3],"[0, 1]",normal,False,second_nearest_fallback
2,MMP_merge_then_adapt,2,2,CSP,lda,pt,0.6,0.5875,2,2train,"[0, 1, 3, 4]",[3],[4],1,3,[3],"[0, 1]",normal,False,second_nearest_fallback
2,BDP,2,2,CSP,lda,pt,0.6,0.5875,2,2train,"[0, 1, 3, 4]",[3],[4],1,3,[3],"[0, 1]",normal,False,second_nearest_fallback
2,BDP_bridge_to_far,2,2,CSP,lda,pt,0.6,0.5875,2,2train,"[0, 1, 3, 4]",[3],[4],1,3,[3],"[0, 1]",normal,False,second_nearest_fallback
2,MMP_merge_then_adapt,3,2,CSP,lda,coral,0.6,0.5,2,2train,"[0, 1, 3, 4]",[3],[4],1,3,[3],"[0, 1]",normal,False,second_nearest_fallback
2,BDP,3,2,CSP,lda,coral,0.6,0.5,2,2train,"[0, 1, 3, 4]",[3],[4],1,3,[3],"[0, 1]",normal,False,second_nearest_fallback
2,BDP_bridge_to_far,3,2,CSP,lda,coral,0.6,0.5,2,2train,"[0, 1, 3, 4]",[3],[4],1,3,[3],"[0, 1]",normal,False,second_nearest_fallback
2,MMP_merge_then_adapt,4,2,CSP,svm_radial,none,0.575,0.575,2,2train,"[0, 1, 3, 4]",[3],[4],1,3,[3],"[0, 1]",normal,False,second_nearest_fallback
2,BDP,4,2,CSP,svm_radial,none,0.575,0.575,2,2train,"[0, 1, 3, 4]",[3],[4],1,3,[3],"[0, 1]",normal,False,second_nearest_fallback
2,BDP_bridge_to_far,4,2,CSP,svm_radial,none,0.575,0.575,2,2train,"[0, 1, 3, 4]",[3],[4],1,3,[3],"[0, 1]",normal,False,second_nearest_fallback
2,MMP_merge_then_adapt,5,2,CSP,svm_radial,sa,0.575,0.5375,2,2train,"[0, 1, 3, 4]",[3],[4],1,3,[3],"[0, 1]",normal,False,second_nearest_fallback
2,BDP,5,2,CSP,svm_radial,sa,0.575,0.5375,2,2train,"[0, 1, 3, 4]",[3],[4],1,3,[3],"[0, 1]",normal,False,second_nearest_fallback
2,BDP_bridge_to_far,5,2,CSP,svm_radial,sa,0.575,0.5375,2,2train,"[0, 1, 3, 4]",[3],[4],1,3,[3],"[0, 1]",normal,False,second_nearest_fallback
2,MMP_merge_then_adapt,6,2,CSP,svm_radial,pt,0.575,0.5625,2,2train,"[0, 1, 3, 4]",[3],[4],1,3,[3],"[0, 1]",normal,False,second_nearest_fallback
2,BDP,6,2,CSP,svm_radial,pt,0.575,0.5625,2,2train,"[0, 1, 3, 4]",[3],[4],1,3,[3],"[0, 1]",normal,False,second_nearest_fallback
2,BDP_bridge_to_far,6,2,CSP,svm_radial,pt,0.575,0.5625,2,2train,"[0, 1, 3, 4]",[3],[4],1,3,[3],"[0, 1]",normal,False,second_nearest_fallback
2,MMP_merge_then_adapt,7,2,CSP,svm_radial,coral,0.575,0.5,2,2train,"[0, 1, 3, 4]",[3],[4],1,3,[3],"[0, 1]",normal,False,second_nearest_fallback
2,BDP,7,2,CSP,svm_radial,coral,0.575,0.5,2,2train,"[0, 1, 3, 4]",[3],[4],1,3,[3],"[0, 1]",normal,False,second_nearest_fallback
2,BDP_bridge_to_far,7,2,CSP,svm_radial,coral,0.575,0.5,2,2train,"[0, 1, 3, 4]",[3],[4],1,3,[3],"[0, 1]",normal,False,second_nearest_fallback
2,MMP_merge_then_adapt,8,2,logvar,lda,none,0.60625,0.60625,2,2train,"[0, 1, 3, 4]",[3],[4],1,3,[3],"[0, 1]",normal,False,second_nearest_fallback
2,BDP,8,2,logvar,lda,none,0.60625,0.60625,2,2train,"[0, 1, 3, 4]",[3],[4],1,3,[3],"[0, 1]",normal,False,second_nearest_fallback
2,BDP_bridge_to_far,8,2,logvar,lda,none,0.60625,0.60625,2,2train,"[0, 1, 3, 4]",[3],[4],1,3,[3],"[0, 1]",normal,False,second_nearest_fallback
2,MMP_merge_then_adapt,9,2,logvar,lda,sa,0.60625,0.6,2,2train,"[0, 1, 3, 4]",[3],[4],1,3,[3],"[0, 1]",normal,False,second_nearest_fallback
2,BDP,9,2,logvar,lda,sa,0.60625,0.6,2,2train,"[0, 1, 3, 4]",[3],[4],1,3,[3],"[0, 1]",normal,False,second_nearest_fallback
2,BDP_bridge_to_far,9,2,logvar,lda,sa,0.60625,0.6,2,2train,"[0, 1, 3, 4]",[3],[4],1,3,[3],"[0, 1]",normal,False,second_nearest_fallback
2,MMP_merge_then_adapt,10,2,logvar,lda,pt,0.60625,0.6,2,2train,"[0, 1, 3, 4]",[3],[4],1,3,[3],"[0, 1]",normal,False,second_nearest_fallback
2,BDP,10,2,logvar,lda,pt,0.60625,0.6,2,2train,"[0, 1, 3, 4]",[3],[4],1,3,[3],"[0, 1]",normal,False,second_nearest_fallback
2,BDP_bridge_to_far,10,2,logvar,lda,pt,0.60625,0.6,2,2train,"[0, 1, 3, 4]",[3],[4],1,3,[3],"[0, 1]",normal,False,second_nearest_fallback
2,MMP_merge_then_adapt,11,2,logvar,lda,coral,0.60625,0.5,2,2train,"[0, 1, 3, 4]",[3],[4],1,3,[3],"[0, 1]",normal,False,second_nearest_fallback
2,BDP,11,2,logvar,lda,coral,0.60625,0.5,2,2train,"[0, 1, 3, 4]",[3],[4],1,3,[3],"[0, 1]",normal,False,second_nearest_fallback
2,BDP_bridge_to_far,11,2,logvar,lda,coral,0.60625,0.5,2,2train,"[0, 1, 3, 4]",[3],[4],1,3,[3],"[0, 1]",normal,False,second_nearest_fallback
2,MMP_merge_then_adapt,12,2,logvar,svm_radial,none,0.55,0.55,2,2train,"[0, 1, 3, 4]",[3],[4],1,3,[3],"[0, 1]",normal,False,second_nearest_fallback
2,BDP,12,2,logvar,svm_radial,none,0.55,0.55,2,2train,"[0, 1, 3, 4]",[3],[4],1,3,[3],"[0, 1]",normal,False,second_nearest_fallback
2,BDP_bridge_to_far,12,2,logvar,svm_radial,none,0.55,0.55,2,2train,"[0, 1, 3, 4]",[3],[4],1,3,[3],"[0, 1]",normal,False,second_nearest_fallback
2,MMP_merge_then_adapt,13,2,logvar,svm_radial,sa,0.55,0.5125,2,2train,"[0, 1, 3, 4]",[3],[4],1,3,[3],"[0, 1]",normal,False,second_nearest_fallback
2,BDP,13,2,logvar,svm_radial,sa,0.55,0.5125,2,2train,"[0, 1, 3, 4]",[3],[4],1,3,[3],"[0, 1]",normal,False,second_nearest_fallback
2,BDP_bridge_to_far,13,2,logvar,svm_radial,sa,0.55,0.5125,2,2train,"[0, 1, 3, 4]",[3],[4],1,3,[3],"[0, 1]",normal,False,second_nearest_fallback
2,MMP_merge_then_adapt,14,2,logvar,svm_radial,pt,0.55,0.5625,2,2train,"[0, 1, 3, 4]",[3],[4],1,3,[3],"[0, 1]",normal,False,second_nearest_fallback
2,BDP,14,2,logvar,svm_radial,pt,0.55,0.5625,2,2train,"[0, 1, 3, 4]",[3],[4],1,3,[3],"[0, 1]",normal,False,second_nearest_fallback
2,BDP_bridge_to_far,14,2,logvar,svm_radial,pt,0.55,0.5625,2,2train,"[0, 1, 3, 4]",[3],[4],1,3,[3],"[0, 1]",normal,False,second_nearest_fallback
2,MMP_merge_then_adapt,15,2,logvar,svm_radial,coral,0.55,0.5,2,2train,"[0, 1, 3, 4]",[3],[4],1,3,[3],"[0, 1]",normal,False,second_nearest_fallback
2,BDP,15,2,logvar,svm_radial,coral,0.55,0.5,2,2train,"[0, 1, 3, 4]",[3],[4],1,3,[3],"[0, 1]",normal,False,second_nearest_fallback
2,BDP_bridge_to_far,15,2,logvar,svm_radial,coral,0.55,0.5,2,2train,"[0, 1, 3, 4]",[3],[4],1,3,[3],"[0, 1]",normal,False,second_nearest_fallback
2,MMP_merge_then_adapt,16,2,TS,lda,none,0.59375,0.59375,2,2train,"[0, 1, 3, 4]",[3],[4],1,3,[3],"[0, 1]",normal,False,second_nearest_fallback
2,BDP,16,2,TS,lda,none,0.59375,0.59375,2,2train,"[0, 1, 3, 4]",[3],[4],1,3,[3],"[0, 1]",normal,False,second_nearest_fallback
2,BDP_bridge_to_far,16,2,TS,lda,none,0.59375,0.59375,2,2train,"[0, 1, 3, 4]",[3],[4],1,3,[3],"[0, 1]",normal,False,second_nearest_fallback
2,MMP_merge_then_adapt,17,2,TS,lda,sa,0.59375,0.6375,2,2train,"[0, 1, 3, 4]",[3],[4],1,3,[3],"[0, 1]",normal,False,second_nearest_fallback
2,BDP,17,2,TS,lda,sa,0.59375,0.6375,2,2train,"[0, 1, 3, 4]",[3],[4],1,3,[3],"[0, 1]",normal,False,second_nearest_fallback
2,BDP_bridge_to_far,17,2,TS,lda,sa,0.59375,0.6375,2,2train,"[0, 1, 3, 4]",[3],[4],1,3,[3],"[0, 1]",normal,False,second_nearest_fallback
2,MMP_merge_then_adapt,18,2,TS,lda,pt,0.59375,0.59375,2,2train,"[0, 1, 3, 4]",[3],[4],1,3,[3],"[0, 1]",normal,False,second_nearest_fallback
2,BDP,18,2,TS,lda,pt,0.59375,0.59375,2,2train,"[0, 1, 3, 4]",[3],[4],1,3,[3],"[0, 1]",normal,False,second_nearest_fallback
2,BDP_bridge_to_far,18,2,TS,lda,pt,0.59375,0.59375,2,2train,"[0, 1, 3, 4]",[3],[4],1,3,[3],"[0, 1]",normal,False,second_nearest_fallback
2,MMP_merge_then_adapt,19,2,TS,lda,coral,0.59375,0.59375,2,2train,"[0, 1, 3, 4]",[3],[4],1,3,[3],"[0, 1]",normal,False,second_nearest_fallback
2,BDP,19,2,TS,lda,coral,0.59375,0.59375,2,2train,"[0, 1, 3, 4]",[3],[4],1,3,[3],"[0, 1]",normal,False,second_nearest_fallback
2,BDP_bridge_to_far,19,2,TS,lda,coral,0.59375,0.59375,2,2train,"[0, 1, 3, 4]",[3],[4],1,3,[3],"[0, 1]",normal,False,second_nearest_fallback
2,MMP_merge_then_adapt,20,2,TS,svm_radial,none,0.5875,0.5875,2,2train,"[0, 1, 3, 4]",[3],[4],1,3,[3],"[0, 1]",normal,False,second_nearest_fallback
2,BDP,20,2,TS,svm_radial,none,0.5875,0.5875,2,2train,"[0, 1, 3, 4]",[3],[4],1,3,[3],"[0, 1]",normal,False,second_nearest_fallback
2,BDP_bridge_to_far,20,2,TS,svm_radial,none,0.5875,0.5875,2,2train,"[0, 1, 3, 4]",[3],[4],1,3,[3],"[0, 1]",normal,False,second_nearest_fallback
2,MMP_merge_then_adapt,21,2,TS,svm_radial,sa,0.5875,0.53125,2,2train,"[0, 1, 3, 4]",[3],[4],1,3,[3],"[0, 1]",normal,False,second_nearest_fallback
2,BDP,21,2,TS,svm_radial,sa,0.5875,0.53125,2,2train,"[0, 1, 3, 4]",[3],[4],1,3,[3],"[0, 1]",normal,False,second_nearest_fallback
2,BDP_bridge_to_far,21,2,TS,svm_radial,sa,0.5875,0.53125,2,2train,"[0, 1, 3, 4]",[3],[4],1,3,[3],"[0, 1]",normal,False,second_nearest_fallback
2,MMP_merge_then_adapt,22,2,TS,svm_radial,pt,0.5875,0.56875,2,2train,"[0, 1, 3, 4]",[3],[4],1,3,[3],"[0, 1]",normal,False,second_nearest_fallback
2,BDP,22,2,TS,svm_radial,pt,0.5875,0.56875,2,2train,"[0, 1, 3, 4]",[3],[4],1,3,[3],"[0, 1]",normal,False,second_nearest_fallback
2,BDP_bridge_to_far,22,2,TS,svm_radial,pt,0.5875,0.56875,2,2train,"[0, 1, 3, 4]",[3],[4],1,3,[3],"[0, 1]",normal,False,second_nearest_fallback
2,MMP_merge_then_adapt,23,2,TS,svm_radial,coral,0.5875,0.5875,2,2train,"[0, 1, 3, 4]",[3],[4],1,3,[3],"[0, 1]",normal,False,second_nearest_fallback
2,BDP,23,2,TS,svm_radial,coral,0.5875,0.5875,2,2train,"[0, 1, 3, 4]",[3],[4],1,3,[3],"[0, 1]",normal,False,second_nearest_fallback
2,BDP_bridge_to_far,23,2,TS,svm_radial,coral,0.5875,0.5875,2,2train,"[0, 1, 3, 4]",[3],[4],1,3,[3],"[0, 1]",normal,False,second_nearest_fallback
2,MMP_merge_then_adapt,0,3,CSP,lda,none,0.5583333333333333,0.5583333333333333,3,3test,"[0, 1, 2, 4]","[2, 3]","[2, 4]",2,2,"[2, 3]","[0, 1]",normal,False,near_minus_nearest
2,BDP,0,3,CSP,lda,none,0.5583333333333333,0.5583333333333333,3,3test,"[0, 1, 2, 4]","[2, 3]","[2, 4]",2,2,"[2, 3]","[0, 1]",normal,False,near_minus_nearest
2,BDP_bridge_to_far,0,3,CSP,lda,none,0.5583333333333333,0.5583333333333333,3,3test,"[0, 1, 2, 4]","[2, 3]","[2, 4]",2,2,"[2, 3]","[0, 1]",normal,False,near_minus_nearest
2,MMP_merge_then_adapt,1,3,CSP,lda,sa,0.5583333333333333,0.49166666666666664,3,3test,"[0, 1, 2, 4]","[2, 3]","[2, 4]",2,2,"[2, 3]","[0, 1]",normal,False,near_minus_nearest
2,BDP,1,3,CSP,lda,sa,0.5583333333333333,0.49166666666666664,3,3test,"[0, 1, 2, 4]","[2, 3]","[2, 4]",2,2,"[2, 3]","[0, 1]",normal,False,near_minus_nearest
2,BDP_bridge_to_far,1,3,CSP,lda,sa,0.5583333333333333,0.49166666666666664,3,3test,"[0, 1, 2, 4]","[2, 3]","[2, 4]",2,2,"[2, 3]","[0, 1]",normal,False,near_minus_nearest
2,MMP_merge_then_adapt,2,3,CSP,lda,pt,0.5583333333333333,0.49166666666666664,3,3test,"[0, 1, 2, 4]","[2, 3]","[2, 4]",2,2,"[2, 3]","[0, 1]",normal,False,near_minus_nearest
2,BDP,2,3,CSP,lda,pt,0.5583333333333333,0.49166666666666664,3,3test,"[0, 1, 2, 4]","[2, 3]","[2, 4]",2,2,"[2, 3]","[0, 1]",normal,False,near_minus_nearest
2,BDP_bridge_to_far,2,3,CSP,lda,pt,0.5583333333333333,0.49166666666666664,3,3test,"[0, 1, 2, 4]","[2, 3]","[2, 4]",2,2,"[2, 3]","[0, 1]",normal,False,near_minus_nearest
2,MMP_merge_then_adapt,3,3,CSP,lda,coral,0.5583333333333333,0.5,3,3test,"[0, 1, 2, 4]","[2, 3]","[2, 4]",2,2,"[2, 3]","[0, 1]",normal,False,near_minus_nearest
2,BDP,3,3,CSP,lda,coral,0.5583333333333333,0.5,3,3test,"[0, 1, 2, 4]","[2, 3]","[2, 4]",2,2,"[2, 3]","[0, 1]",normal,False,near_minus_nearest
2,BDP_bridge_to_far,3,3,CSP,lda,coral,0.5583333333333333,0.5,3,3test,"[0, 1, 2, 4]","[2, 3]","[2, 4]",2,2,"[2, 3]","[0, 1]",normal,False,near_minus_nearest
2,MMP_merge_then_adapt,4,3,CSP,svm_radial,none,0.5,0.5,3,3test,"[0, 1, 2, 4]","[2, 3]","[2, 4]",2,2,"[2, 3]","[0, 1]",normal,False,near_minus_nearest
2,BDP,4,3,CSP,svm_radial,none,0.5,0.5,3,3test,"[0, 1, 2, 4]","[2, 3]","[2, 4]",2,2,"[2, 3]","[0, 1]",normal,False,near_minus_nearest
2,BDP_bridge_to_far,4,3,CSP,svm_radial,none,0.5,0.5,3,3test,"[0, 1, 2, 4]","[2, 3]","[2, 4]",2,2,"[2, 3]","[0, 1]",normal,False,near_minus_nearest
2,MMP_merge_then_adapt,5,3,CSP,svm_radial,sa,0.5,0.575,3,3test,"[0, 1, 2, 4]","[2, 3]","[2, 4]",2,2,"[2, 3]","[0, 1]",normal,False,near_minus_nearest
2,BDP,5,3,CSP,svm_radial,sa,0.5,0.575,3,3test,"[0, 1, 2, 4]","[2, 3]","[2, 4]",2,2,"[2, 3]","[0, 1]",normal,False,near_minus_nearest
2,BDP_bridge_to_far,5,3,CSP,svm_radial,sa,0.5,0.575,3,3test,"[0, 1, 2, 4]","[2, 3]","[2, 4]",2,2,"[2, 3]","[0, 1]",normal,False,near_minus_nearest
2,MMP_merge_then_adapt,6,3,CSP,svm_radial,pt,0.5,0.575,3,3test,"[0, 1, 2, 4]","[2, 3]","[2, 4]",2,2,"[2, 3]","[0, 1]",normal,False,near_minus_nearest
2,BDP,6,3,CSP,svm_radial,pt,0.5,0.575,3,3test,"[0, 1, 2, 4]","[2, 3]","[2, 4]",2,2,"[2, 3]","[0, 1]",normal,False,near_minus_nearest
2,BDP_bridge_to_far,6,3,CSP,svm_radial,pt,0.5,0.575,3,3test,"[0, 1, 2, 4]","[2, 3]","[2, 4]",2,2,"[2, 3]","[0, 1]",normal,False,near_minus_nearest
2,MMP_merge_then_adapt,7,3,CSP,svm_radial,coral,0.5,0.475,3,3test,"[0, 1, 2, 4]","[2, 3]","[2, 4]",2,2,"[2, 3]","[0, 1]",normal,False,near_minus_nearest
2,BDP,7,3,CSP,svm_radial,coral,0.5,0.475,3,3test,"[0, 1, 2, 4]","[2, 3]","[2, 4]",2,2,"[2, 3]","[0, 1]",normal,False,near_minus_nearest
2,BDP_bridge_to_far,7,3,CSP,svm_radial,coral,0.5,0.475,3,3test,"[0, 1, 2, 4]","[2, 3]","[2, 4]",2,2,"[2, 3]","[0, 1]",normal,False,near_minus_nearest
2,MMP_merge_then_adapt,8,3,logvar,lda,none,0.5666666666666667,0.5666666666666667,3,3test,"[0, 1, 2, 4]","[0, 2]","[0, 2]",2,0,"[0, 2]","[1, 3]",normal,False,near_minus_nearest
2,BDP,8,3,logvar,lda,none,0.5666666666666667,0.5666666666666667,3,3test,"[0, 1, 2, 4]","[0, 2]","[0, 2]",2,0,"[0, 2]","[1, 3]",normal,False,near_minus_nearest
2,BDP_bridge_to_far,8,3,logvar,lda,none,0.5666666666666667,0.5666666666666667,3,3test,"[0, 1, 2, 4]","[0, 2]","[0, 2]",2,0,"[0, 2]","[1, 3]",normal,False,near_minus_nearest
2,MMP_merge_then_adapt,9,3,logvar,lda,sa,0.5666666666666667,0.5333333333333333,3,3test,"[0, 1, 2, 4]","[0, 2]","[0, 2]",2,0,"[0, 2]","[1, 3]",normal,False,near_minus_nearest
2,BDP,9,3,logvar,lda,sa,0.5666666666666667,0.5333333333333333,3,3test,"[0, 1, 2, 4]","[0, 2]","[0, 2]",2,0,"[0, 2]","[1, 3]",normal,False,near_minus_nearest
2,BDP_bridge_to_far,9,3,logvar,lda,sa,0.5666666666666667,0.5333333333333333,3,3test,"[0, 1, 2, 4]","[0, 2]","[0, 2]",2,0,"[0, 2]","[1, 3]",normal,False,near_minus_nearest
2,MMP_merge_then_adapt,10,3,logvar,lda,pt,0.5666666666666667,0.5166666666666667,3,3test,"[0, 1, 2, 4]","[0, 2]","[0, 2]",2,0,"[0, 2]","[1, 3]",normal,False,near_minus_nearest
2,BDP,10,3,logvar,lda,pt,0.5666666666666667,0.5166666666666667,3,3test,"[0, 1, 2, 4]","[0, 2]","[0, 2]",2,0,"[0, 2]","[1, 3]",normal,False,near_minus_nearest
2,BDP_bridge_to_far,10,3,logvar,lda,pt,0.5666666666666667,0.5166666666666667,3,3test,"[0, 1, 2, 4]","[0, 2]","[0, 2]",2,0,"[0, 2]","[1, 3]",normal,False,near_minus_nearest
2,MMP_merge_then_adapt,11,3,logvar,lda,coral,0.5666666666666667,0.5,3,3test,"[0, 1, 2, 4]","[0, 2]","[0, 2]",2,0,"[0, 2]","[1, 3]",normal,False,near_minus_nearest
2,BDP,11,3,logvar,lda,coral,0.5666666666666667,0.5,3,3test,"[0, 1, 2, 4]","[0, 2]","[0, 2]",2,0,"[0, 2]","[1, 3]",normal,False,near_minus_nearest
2,BDP_bridge_to_far,11,3,logvar,lda,coral,0.5666666666666667,0.5,3,3test,"[0, 1, 2, 4]","[0, 2]","[0, 2]",2,0,"[0, 2]","[1, 3]",normal,False,near_minus_nearest
2,MMP_merge_then_adapt,12,3,logvar,svm_radial,none,0.575,0.575,3,3test,"[0, 1, 2, 4]","[0, 2]","[0, 2]",2,0,"[0, 2]","[1, 3]",normal,False,near_minus_nearest
2,BDP,12,3,logvar,svm_radial,none,0.575,0.575,3,3test,"[0, 1, 2, 4]","[0, 2]","[0, 2]",2,0,"[0, 2]","[1, 3]",normal,False,near_minus_nearest
2,BDP_bridge_to_far,12,3,logvar,svm_radial,none,0.575,0.575,3,3test,"[0, 1, 2, 4]","[0, 2]","[0, 2]",2,0,"[0, 2]","[1, 3]",normal,False,near_minus_nearest
2,MMP_merge_then_adapt,13,3,logvar,svm_radial,sa,0.575,0.5333333333333333,3,3test,"[0, 1, 2, 4]","[0, 2]","[0, 2]",2,0,"[0, 2]","[1, 3]",normal,False,near_minus_nearest
2,BDP,13,3,logvar,svm_radial,sa,0.575,0.5333333333333333,3,3test,"[0, 1, 2, 4]","[0, 2]","[0, 2]",2,0,"[0, 2]","[1, 3]",normal,False,near_minus_nearest
2,BDP_bridge_to_far,13,3,logvar,svm_radial,sa,0.575,0.5333333333333333,3,3test,"[0, 1, 2, 4]","[0, 2]","[0, 2]",2,0,"[0, 2]","[1, 3]",normal,False,near_minus_nearest
2,MMP_merge_then_adapt,14,3,logvar,svm_radial,pt,0.575,0.5666666666666667,3,3test,"[0, 1, 2, 4]","[0, 2]","[0, 2]",2,0,"[0, 2]","[1, 3]",normal,False,near_minus_nearest
2,BDP,14,3,logvar,svm_radial,pt,0.575,0.5666666666666667,3,3test,"[0, 1, 2, 4]","[0, 2]","[0, 2]",2,0,"[0, 2]","[1, 3]",normal,False,near_minus_nearest
2,BDP_bridge_to_far,14,3,logvar,svm_radial,pt,0.575,0.5666666666666667,3,3test,"[0, 1, 2, 4]","[0, 2]","[0, 2]",2,0,"[0, 2]","[1, 3]",normal,False,near_minus_nearest
2,MMP_merge_then_adapt,15,3,logvar,svm_radial,coral,0.575,0.5,3,3test,"[0, 1, 2, 4]","[0, 2]","[0, 2]",2,0,"[0, 2]","[1, 3]",normal,False,near_minus_nearest
2,BDP,15,3,logvar,svm_radial,coral,0.575,0.5,3,3test,"[0, 1, 2, 4]","[0, 2]","[0, 2]",2,0,"[0, 2]","[1, 3]",normal,False,near_minus_nearest
2,BDP_bridge_to_far,15,3,logvar,svm_radial,coral,0.575,0.5,3,3test,"[0, 1, 2, 4]","[0, 2]","[0, 2]",2,0,"[0, 2]","[1, 3]",normal,False,near_minus_nearest
2,MMP_merge_then_adapt,16,3,TS,lda,none,0.5666666666666667,0.5666666666666667,3,3test,"[0, 1, 2, 4]","[0, 2, 3]","[0, 2, 4]",3,2,"[0, 2, 3]",[1],normal,False,near_minus_nearest
2,BDP,16,3,TS,lda,none,0.5666666666666667,0.5666666666666667,3,3test,"[0, 1, 2, 4]","[0, 2, 3]","[0, 2, 4]",3,2,"[0, 2, 3]",[1],normal,False,near_minus_nearest
2,BDP_bridge_to_far,16,3,TS,lda,none,0.5666666666666667,0.5666666666666667,3,3test,"[0, 1, 2, 4]","[0, 2, 3]","[0, 2, 4]",3,2,"[0, 2, 3]",[1],normal,False,near_minus_nearest
2,MMP_merge_then_adapt,17,3,TS,lda,sa,0.5666666666666667,0.5083333333333333,3,3test,"[0, 1, 2, 4]","[0, 2, 3]","[0, 2, 4]",3,2,"[0, 2, 3]",[1],normal,False,near_minus_nearest
2,BDP,17,3,TS,lda,sa,0.5666666666666667,0.5083333333333333,3,3test,"[0, 1, 2, 4]","[0, 2, 3]","[0, 2, 4]",3,2,"[0, 2, 3]",[1],normal,False,near_minus_nearest
2,BDP_bridge_to_far,17,3,TS,lda,sa,0.5666666666666667,0.5083333333333333,3,3test,"[0, 1, 2, 4]","[0, 2, 3]","[0, 2, 4]",3,2,"[0, 2, 3]",[1],normal,False,near_minus_nearest
2,MMP_merge_then_adapt,18,3,TS,lda,pt,0.5666666666666667,0.5333333333333333,3,3test,"[0, 1, 2, 4]","[0, 2, 3]","[0, 2, 4]",3,2,"[0, 2, 3]",[1],normal,False,near_minus_nearest
2,BDP,18,3,TS,lda,pt,0.5666666666666667,0.5333333333333333,3,3test,"[0, 1, 2, 4]","[0, 2, 3]","[0, 2, 4]",3,2,"[0, 2, 3]",[1],normal,False,near_minus_nearest
2,BDP_bridge_to_far,18,3,TS,lda,pt,0.5666666666666667,0.5333333333333333,3,3test,"[0, 1, 2, 4]","[0, 2, 3]","[0, 2, 4]",3,2,"[0, 2, 3]",[1],normal,False,near_minus_nearest
2,MMP_merge_then_adapt,19,3,TS,lda,coral,0.5666666666666667,0.5666666666666667,3,3test,"[0, 1, 2, 4]","[0, 2, 3]","[0, 2, 4]",3,2,"[0, 2, 3]",[1],normal,False,near_minus_nearest
2,BDP,19,3,TS,lda,coral,0.5666666666666667,0.5666666666666667,3,3test,"[0, 1, 2, 4]","[0, 2, 3]","[0, 2, 4]",3,2,"[0, 2, 3]",[1],normal,False,near_minus_nearest
2,BDP_bridge_to_far,19,3,TS,lda,coral,0.5666666666666667,0.5666666666666667,3,3test,"[0, 1, 2, 4]","[0, 2, 3]","[0, 2, 4]",3,2,"[0, 2, 3]",[1],normal,False,near_minus_nearest
2,MMP_merge_then_adapt,20,3,TS,svm_radial,none,0.5666666666666667,0.5666666666666667,3,3test,"[0, 1, 2, 4]","[0, 2, 3]","[0, 2, 4]",3,2,"[0, 2, 3]",[1],normal,False,near_minus_nearest
2,BDP,20,3,TS,svm_radial,none,0.5666666666666667,0.5666666666666667,3,3test,"[0, 1, 2, 4]","[0, 2, 3]","[0, 2, 4]",3,2,"[0, 2, 3]",[1],normal,False,near_minus_nearest
2,BDP_bridge_to_far,20,3,TS,svm_radial,none,0.5666666666666667,0.5666666666666667,3,3test,"[0, 1, 2, 4]","[0, 2, 3]","[0, 2, 4]",3,2,"[0, 2, 3]",[1],normal,False,near_minus_nearest
2,MMP_merge_then_adapt,21,3,TS,svm_radial,sa,0.5666666666666667,0.5583333333333333,3,3test,"[0, 1, 2, 4]","[0, 2, 3]","[0, 2, 4]",3,2,"[0, 2, 3]",[1],normal,False,near_minus_nearest
2,BDP,21,3,TS,svm_radial,sa,0.5666666666666667,0.5583333333333333,3,3test,"[0, 1, 2, 4]","[0, 2, 3]","[0, 2, 4]",3,2,"[0, 2, 3]",[1],normal,False,near_minus_nearest
2,BDP_bridge_to_far,21,3,TS,svm_radial,sa,0.5666666666666667,0.5583333333333333,3,3test,"[0, 1, 2, 4]","[0, 2, 3]","[0, 2, 4]",3,2,"[0, 2, 3]",[1],normal,False,near_minus_nearest
2,MMP_merge_then_adapt,22,3,TS,svm_radial,pt,0.5666666666666667,0.6416666666666667,3,3test,"[0, 1, 2, 4]","[0, 2, 3]","[0, 2, 4]",3,2,"[0, 2, 3]",[1],normal,False,near_minus_nearest
2,BDP,22,3,TS,svm_radial,pt,0.5666666666666667,0.6416666666666667,3,3test,"[0, 1, 2, 4]","[0, 2, 3]","[0, 2, 4]",3,2,"[0, 2, 3]",[1],normal,False,near_minus_nearest
2,BDP_bridge_to_far,22,3,TS,svm_radial,pt,0.5666666666666667,0.6416666666666667,3,3test,"[0, 1, 2, 4]","[0, 2, 3]","[0, 2, 4]",3,2,"[0, 2, 3]",[1],normal,False,near_minus_nearest
2,MMP_merge_then_adapt,23,3,TS,svm_radial,coral,0.5666666666666667,0.5666666666666667,3,3test,"[0, 1, 2, 4]","[0, 2, 3]","[0, 2, 4]",3,2,"[0, 2, 3]",[1],normal,False,near_minus_nearest
2,BDP,23,3,TS,svm_radial,coral,0.5666666666666667,0.5666666666666667,3,3test,"[0, 1, 2, 4]","[0, 2, 3]","[0, 2, 4]",3,2,"[0, 2, 3]",[1],normal,False,near_minus_nearest
2,BDP_bridge_to_far,23,3,TS,svm_radial,coral,0.5666666666666667,0.5666666666666667,3,3test,"[0, 1, 2, 4]","[0, 2, 3]","[0, 2, 4]",3,2,"[0, 2, 3]",[1],normal,False,near_minus_nearest
2,MMP_merge_then_adapt,0,4,CSP,lda,none,0.56875,0.56875,4,4test,"[0, 1, 2, 3]",[2],[2],1,2,[2],"[0, 1]",normal,False,second_nearest_fallback
2,BDP,0,4,CSP,lda,none,0.56875,0.56875,4,4test,"[0, 1, 2, 3]",[2],[2],1,2,[2],"[0, 1]",normal,False,second_nearest_fallback
2,BDP_bridge_to_far,0,4,CSP,lda,none,0.56875,0.56875,4,4test,"[0, 1, 2, 3]",[2],[2],1,2,[2],"[0, 1]",normal,False,second_nearest_fallback
2,MMP_merge_then_adapt,1,4,CSP,lda,sa,0.56875,0.6125,4,4test,"[0, 1, 2, 3]",[2],[2],1,2,[2],"[0, 1]",normal,False,second_nearest_fallback
2,BDP,1,4,CSP,lda,sa,0.56875,0.6125,4,4test,"[0, 1, 2, 3]",[2],[2],1,2,[2],"[0, 1]",normal,False,second_nearest_fallback
2,BDP_bridge_to_far,1,4,CSP,lda,sa,0.56875,0.6125,4,4test,"[0, 1, 2, 3]",[2],[2],1,2,[2],"[0, 1]",normal,False,second_nearest_fallback
2,MMP_merge_then_adapt,2,4,CSP,lda,pt,0.56875,0.6,4,4test,"[0, 1, 2, 3]",[2],[2],1,2,[2],"[0, 1]",normal,False,second_nearest_fallback
2,BDP,2,4,CSP,lda,pt,0.56875,0.6,4,4test,"[0, 1, 2, 3]",[2],[2],1,2,[2],"[0, 1]",normal,False,second_nearest_fallback
2,BDP_bridge_to_far,2,4,CSP,lda,pt,0.56875,0.6,4,4test,"[0, 1, 2, 3]",[2],[2],1,2,[2],"[0, 1]",normal,False,second_nearest_fallback
2,MMP_merge_then_adapt,3,4,CSP,lda,coral,0.56875,0.58125,4,4test,"[0, 1, 2, 3]",[2],[2],1,2,[2],"[0, 1]",normal,False,second_nearest_fallback
2,BDP,3,4,CSP,lda,coral,0.56875,0.58125,4,4test,"[0, 1, 2, 3]",[2],[2],1,2,[2],"[0, 1]",normal,False,second_nearest_fallback
2,BDP_bridge_to_far,3,4,CSP,lda,coral,0.56875,0.58125,4,4test,"[0, 1, 2, 3]",[2],[2],1,2,[2],"[0, 1]",normal,False,second_nearest_fallback
2,MMP_merge_then_adapt,4,4,CSP,svm_radial,none,0.58125,0.58125,4,4test,"[0, 1, 2, 3]",[2],[2],1,2,[2],"[0, 1]",normal,False,second_nearest_fallback
2,BDP,4,4,CSP,svm_radial,none,0.58125,0.58125,4,4test,"[0, 1, 2, 3]",[2],[2],1,2,[2],"[0, 1]",normal,False,second_nearest_fallback
2,BDP_bridge_to_far,4,4,CSP,svm_radial,none,0.58125,0.58125,4,4test,"[0, 1, 2, 3]",[2],[2],1,2,[2],"[0, 1]",normal,False,second_nearest_fallback
2,MMP_merge_then_adapt,5,4,CSP,svm_radial,sa,0.58125,0.575,4,4test,"[0, 1, 2, 3]",[2],[2],1,2,[2],"[0, 1]",normal,False,second_nearest_fallback
2,BDP,5,4,CSP,svm_radial,sa,0.58125,0.575,4,4test,"[0, 1, 2, 3]",[2],[2],1,2,[2],"[0, 1]",normal,False,second_nearest_fallback
2,BDP_bridge_to_far,5,4,CSP,svm_radial,sa,0.58125,0.575,4,4test,"[0, 1, 2, 3]",[2],[2],1,2,[2],"[0, 1]",normal,False,second_nearest_fallback
2,MMP_merge_then_adapt,6,4,CSP,svm_radial,pt,0.58125,0.5875,4,4test,"[0, 1, 2, 3]",[2],[2],1,2,[2],"[0, 1]",normal,False,second_nearest_fallback
2,BDP,6,4,CSP,svm_radial,pt,0.58125,0.5875,4,4test,"[0, 1, 2, 3]",[2],[2],1,2,[2],"[0, 1]",normal,False,second_nearest_fallback
2,BDP_bridge_to_far,6,4,CSP,svm_radial,pt,0.58125,0.5875,4,4test,"[0, 1, 2, 3]",[2],[2],1,2,[2],"[0, 1]",normal,False,second_nearest_fallback
2,MMP_merge_then_adapt,7,4,CSP,svm_radial,coral,0.58125,0.55,4,4test,"[0, 1, 2, 3]",[2],[2],1,2,[2],"[0, 1]",normal,False,second_nearest_fallback
2,BDP,7,4,CSP,svm_radial,coral,0.58125,0.55,4,4test,"[0, 1, 2, 3]",[2],[2],1,2,[2],"[0, 1]",normal,False,second_nearest_fallback
2,BDP_bridge_to_far,7,4,CSP,svm_radial,coral,0.58125,0.55,4,4test,"[0, 1, 2, 3]",[2],[2],1,2,[2],"[0, 1]",normal,False,second_nearest_fallback
2,MMP_merge_then_adapt,8,4,logvar,lda,none,0.4875,0.4875,4,4test,"[0, 1, 2, 3]",[2],[2],1,2,[2],"[0, 1]",normal,False,second_nearest_fallback
2,BDP,8,4,logvar,lda,none,0.4875,0.4875,4,4test,"[0, 1, 2, 3]",[2],[2],1,2,[2],"[0, 1]",normal,False,second_nearest_fallback
2,BDP_bridge_to_far,8,4,logvar,lda,none,0.4875,0.4875,4,4test,"[0, 1, 2, 3]",[2],[2],1,2,[2],"[0, 1]",normal,False,second_nearest_fallback
2,MMP_merge_then_adapt,9,4,logvar,lda,sa,0.4875,0.55625,4,4test,"[0, 1, 2, 3]",[2],[2],1,2,[2],"[0, 1]",normal,False,second_nearest_fallback
2,BDP,9,4,logvar,lda,sa,0.4875,0.55625,4,4test,"[0, 1, 2, 3]",[2],[2],1,2,[2],"[0, 1]",normal,False,second_nearest_fallback
2,BDP_bridge_to_far,9,4,logvar,lda,sa,0.4875,0.55625,4,4test,"[0, 1, 2, 3]",[2],[2],1,2,[2],"[0, 1]",normal,False,second_nearest_fallback
2,MMP_merge_then_adapt,10,4,logvar,lda,pt,0.4875,0.56875,4,4test,"[0, 1, 2, 3]",[2],[2],1,2,[2],"[0, 1]",normal,False,second_nearest_fallback
2,BDP,10,4,logvar,lda,pt,0.4875,0.56875,4,4test,"[0, 1, 2, 3]",[2],[2],1,2,[2],"[0, 1]",normal,False,second_nearest_fallback
2,BDP_bridge_to_far,10,4,logvar,lda,pt,0.4875,0.56875,4,4test,"[0, 1, 2, 3]",[2],[2],1,2,[2],"[0, 1]",normal,False,second_nearest_fallback
2,MMP_merge_then_adapt,11,4,logvar,lda,coral,0.4875,0.5,4,4test,"[0, 1, 2, 3]",[2],[2],1,2,[2],"[0, 1]",normal,False,second_nearest_fallback
2,BDP,11,4,logvar,lda,coral,0.4875,0.5,4,4test,"[0, 1, 2, 3]",[2],[2],1,2,[2],"[0, 1]",normal,False,second_nearest_fallback
2,BDP_bridge_to_far,11,4,logvar,lda,coral,0.4875,0.5,4,4test,"[0, 1, 2, 3]",[2],[2],1,2,[2],"[0, 1]",normal,False,second_nearest_fallback
2,MMP_merge_then_adapt,12,4,logvar,svm_radial,none,0.5875,0.5875,4,4test,"[0, 1, 2, 3]",[2],[2],1,2,[2],"[0, 1]",normal,False,second_nearest_fallback
2,BDP,12,4,logvar,svm_radial,none,0.5875,0.5875,4,4test,"[0, 1, 2, 3]",[2],[2],1,2,[2],"[0, 1]",normal,False,second_nearest_fallback
2,BDP_bridge_to_far,12,4,logvar,svm_radial,none,0.5875,0.5875,4,4test,"[0, 1, 2, 3]",[2],[2],1,2,[2],"[0, 1]",normal,False,second_nearest_fallback
2,MMP_merge_then_adapt,13,4,logvar,svm_radial,sa,0.5875,0.56875,4,4test,"[0, 1, 2, 3]",[2],[2],1,2,[2],"[0, 1]",normal,False,second_nearest_fallback
2,BDP,13,4,logvar,svm_radial,sa,0.5875,0.56875,4,4test,"[0, 1, 2, 3]",[2],[2],1,2,[2],"[0, 1]",normal,False,second_nearest_fallback
2,BDP_bridge_to_far,13,4,logvar,svm_radial,sa,0.5875,0.56875,4,4test,"[0, 1, 2, 3]",[2],[2],1,2,[2],"[0, 1]",normal,False,second_nearest_fallback
2,MMP_merge_then_adapt,14,4,logvar,svm_radial,pt,0.5875,0.58125,4,4test,"[0, 1, 2, 3]",[2],[2],1,2,[2],"[0, 1]",normal,False,second_nearest_fallback
2,BDP,14,4,logvar,svm_radial,pt,0.5875,0.58125,4,4test,"[0, 1, 2, 3]",[2],[2],1,2,[2],"[0, 1]",normal,False,second_nearest_fallback
2,BDP_bridge_to_far,14,4,logvar,svm_radial,pt,0.5875,0.58125,4,4test,"[0, 1, 2, 3]",[2],[2],1,2,[2],"[0, 1]",normal,False,second_nearest_fallback
2,MMP_merge_then_adapt,15,4,logvar,svm_radial,coral,0.5875,0.5,4,4test,"[0, 1, 2, 3]",[2],[2],1,2,[2],"[0, 1]",normal,False,second_nearest_fallback
2,BDP,15,4,logvar,svm_radial,coral,0.5875,0.5,4,4test,"[0, 1, 2, 3]",[2],[2],1,2,[2],"[0, 1]",normal,False,second_nearest_fallback
2,BDP_bridge_to_far,15,4,logvar,svm_radial,coral,0.5875,0.5,4,4test,"[0, 1, 2, 3]",[2],[2],1,2,[2],"[0, 1]",normal,False,second_nearest_fallback
2,MMP_merge_then_adapt,16,4,TS,lda,none,0.50625,0.50625,4,4test,"[0, 1, 2, 3]",[2],[2],1,2,[2],"[0, 1]",normal,False,second_nearest_fallback
2,BDP,16,4,TS,lda,none,0.50625,0.50625,4,4test,"[0, 1, 2, 3]",[2],[2],1,2,[2],"[0, 1]",normal,False,second_nearest_fallback
2,BDP_bridge_to_far,16,4,TS,lda,none,0.50625,0.50625,4,4test,"[0, 1, 2, 3]",[2],[2],1,2,[2],"[0, 1]",normal,False,second_nearest_fallback
2,MMP_merge_then_adapt,17,4,TS,lda,sa,0.50625,0.575,4,4test,"[0, 1, 2, 3]",[2],[2],1,2,[2],"[0, 1]",normal,False,second_nearest_fallback
2,BDP,17,4,TS,lda,sa,0.50625,0.575,4,4test,"[0, 1, 2, 3]",[2],[2],1,2,[2],"[0, 1]",normal,False,second_nearest_fallback
2,BDP_bridge_to_far,17,4,TS,lda,sa,0.50625,0.575,4,4test,"[0, 1, 2, 3]",[2],[2],1,2,[2],"[0, 1]",normal,False,second_nearest_fallback
2,MMP_merge_then_adapt,18,4,TS,lda,pt,0.50625,0.6125,4,4test,"[0, 1, 2, 3]",[2],[2],1,2,[2],"[0, 1]",normal,False,second_nearest_fallback
2,BDP,18,4,TS,lda,pt,0.50625,0.6125,4,4test,"[0, 1, 2, 3]",[2],[2],1,2,[2],"[0, 1]",normal,False,second_nearest_fallback
2,BDP_bridge_to_far,18,4,TS,lda,pt,0.50625,0.6125,4,4test,"[0, 1, 2, 3]",[2],[2],1,2,[2],"[0, 1]",normal,False,second_nearest_fallback
2,MMP_merge_then_adapt,19,4,TS,lda,coral,0.50625,0.50625,4,4test,"[0, 1, 2, 3]",[2],[2],1,2,[2],"[0, 1]",normal,False,second_nearest_fallback
2,BDP,19,4,TS,lda,coral,0.50625,0.50625,4,4test,"[0, 1, 2, 3]",[2],[2],1,2,[2],"[0, 1]",normal,False,second_nearest_fallback
2,BDP_bridge_to_far,19,4,TS,lda,coral,0.50625,0.50625,4,4test,"[0, 1, 2, 3]",[2],[2],1,2,[2],"[0, 1]",normal,False,second_nearest_fallback
2,MMP_merge_then_adapt,20,4,TS,svm_radial,none,0.575,0.575,4,4test,"[0, 1, 2, 3]",[2],[2],1,2,[2],"[0, 1]",normal,False,second_nearest_fallback
2,BDP,20,4,TS,svm_radial,none,0.575,0.575,4,4test,"[0, 1, 2, 3]",[2],[2],1,2,[2],"[0, 1]",normal,False,second_nearest_fallback
2,BDP_bridge_to_far,20,4,TS,svm_radial,none,0.575,0.575,4,4test,"[0, 1, 2, 3]",[2],[2],1,2,[2],"[0, 1]",normal,False,second_nearest_fallback
2,MMP_merge_then_adapt,21,4,TS,svm_radial,sa,0.575,0.58125,4,4test,"[0, 1, 2, 3]",[2],[2],1,2,[2],"[0, 1]",normal,False,second_nearest_fallback
2,BDP,21,4,TS,svm_radial,sa,0.575,0.58125,4,4test,"[0, 1, 2, 3]",[2],[2],1,2,[2],"[0, 1]",normal,False,second_nearest_fallback
2,BDP_bridge_to_far,21,4,TS,svm_radial,sa,0.575,0.58125,4,4test,"[0, 1, 2, 3]",[2],[2],1,2,[2],"[0, 1]",normal,False,second_nearest_fallback
2,MMP_merge_then_adapt,22,4,TS,svm_radial,pt,0.575,0.5,4,4test,"[0, 1, 2, 3]",[2],[2],1,2,[2],"[0, 1]",normal,False,second_nearest_fallback
2,BDP,22,4,TS,svm_radial,pt,0.575,0.5,4,4test,"[0, 1, 2, 3]",[2],[2],1,2,[2],"[0, 1]",normal,False,second_nearest_fallback
2,BDP_bridge_to_far,22,4,TS,svm_radial,pt,0.575,0.5,4,4test,"[0, 1, 2, 3]",[2],[2],1,2,[2],"[0, 1]",normal,False,second_nearest_fallback
2,MMP_merge_then_adapt,23,4,TS,svm_radial,coral,0.575,0.575,4,4test,"[0, 1, 2, 3]",[2],[2],1,2,[2],"[0, 1]",normal,False,second_nearest_fallback
2,BDP,23,4,TS,svm_radial,coral,0.575,0.575,4,4test,"[0, 1, 2, 3]",[2],[2],1,2,[2],"[0, 1]",normal,False,second_nearest_fallback
2,BDP_bridge_to_far,23,4,TS,svm_radial,coral,0.575,0.575,4,4test,"[0, 1, 2, 3]",[2],[2],1,2,[2],"[0, 1]",normal,False,second_nearest_fallback
